postId	identifiant	genre	titre	url	motif
1027	w_yG_X9XGe0	citant une vidéo	Observatoire des pénibles	/css/2008/08/31/1027-observatoire-des-penibles/	hqdefault : erreur 404
1031	eKIAI6FDFxg	citant une vidéo	Danse au supplice	/css/2008/09/04/1031-danse-au-supplice-claire-rutter-stephen-gadd/	hqdefault : erreur 404
1187	3Qb8P-l8t3s	citant une vidéo	Carnet d'écoutes - (encore) un autre possible du Winterreise	/css/2009/04/01/1187-franz-schubert-die-winterreise-der-dvd-jorma-hynninen-arthaus-ondine/	hqdefault : erreur 404
1294	dhOCx6t6EkI	citant une vidéo	Journalisme spécialisé	/css/2009/06/29/1294-ophelie-gaillard-marie-drucker-journalisme-specialise/	hqdefault : erreur 404
1340	_C09k_1fk_o	citant une vidéo	The Constant Nymph de Goulding & Korngold - une image ambiguë de la création	/css/2009/08/25/1340-the-constant-nymph-tessa-nymphe-au-coeur-fidele-edmund-goulding-erich-wolfgang-korngold-musique-bo-film-une-image-ambigue-de-la-creation-joan-fontaine-charles-boyer/	hqdefault : erreur 404
1390	lWAyCLvg6eA	citant une vidéo	Gna-Gna contre le lapin maléfique	/css/2009/10/27/1390-gna-gna-contre-le-lapin-malefique/	hqdefault : erreur 404
1414	QnI-ymx6hcc	citant une vidéo	De la musique savante avec n'importe quoi	/css/2009/11/22/1414-grande-valse-francisco-tarrega-gran-vals-sonnerie-nokia-ringtune-fugue-improvisations-de-la-musique-savante-avec-n-importe-quoi/	hqdefault : erreur 404
1570	ZSDrE5E-TKg	citant une vidéo	Air du temps	/css/2010/07/16/1570-air-du-temps/	hqdefault : erreur 404
1593	uv0ap9ubZTc	citant une vidéo	Rap encyclopédique	/css/2010/09/11/1593-rap-encyclopedique/	hqdefault : erreur 404
1629	xJZXHAXtAR0	citant une vidéo	Annonce : Xavier Busatto en ciné-concert	/css/2010/11/28/1629-annonce-xavier-busatto-en-cine-concert/	hqdefault : erreur 404
1641	3IMkTOasJt8	citant une vidéo	La voix idéale (1)	/css/2010/12/24/1641-la-voix-ideale-florent-leroux-roche-le-roux-marc-callahan-richard-miller-la-structure-du-chant-the-structure-of-singing/	hqdefault : erreur 404
1667	0BVqxa5U8A8	citant une vidéo	[Première mondiale] Emile Paladilhe - Patrie ! - "Pauvre martyr obscur" en contexte : la fin de l'acte patriotique	/css/2011/02/13/1667-premiere-mondiale-creations-emile-paladilhe-patrie-pauvre-martyr-obscur-en-contexte-la-fin-de-l-acte-patriotique-youtube-first-world-recording/	hqdefault : erreur 404
1707	7vQ_uQsITko	citant une vidéo	Opéra tribunicien	/css/2011/04/19/1707-opera-tribunicien-silvio-berlusconi-riccardo-muti-roma-opera-de-rome-2011-va-pensiero-nabucco-giuseppe-verdi/	hqdefault : erreur 404
1710	hyLjQdLMYpg	citant une vidéo	I can haz Shukzpeer	/css/2011/04/22/1710-i-can-haz-shukzpeer/	hqdefault : erreur 404
1757	r8sBmXlDRJU	citant une vidéo	Classe de Jeff Cohen au CNSM : initiation au récital de lied - (Raquel Camarinha, Cécile Achille, Mao Morita)	/css/2011/06/20/1757-classe-de-jeff-cohen-au-cnsmp-initiation-au-recital-de-lied-et-melodie-cecile-achille-raquel-camarinha-croner-de-vasconcellos-luis-de-camoes-mao-morita/	hqdefault : erreur 404
1760	ueoyc87dCHk	citant une vidéo	Massenet-Marseille-Alagna : Fallait-il remonter Le Cid ?	/css/2011/06/26/1760-jules-massenet-le-cid-marseille-roberto-alagna-beatrice-uria-monzon-jacques-lacombe-eve-queler-placido-domingo-grace-bumbry-cds/	hqdefault : erreur 404
1773	N4Suyd-Wx2Q	citant une vidéo	L'Opéra et le Musée	/css/2011/07/08/1773-l-opera-et-le-musee-don-carlos-mara-zampieri-giacomo-aragall-jaume-in-concert/	hqdefault : erreur 404
1789	RpQm0yudWAc	citant une vidéo	Pourquoi les cuivres sont-ils stressés ?	/css/2011/07/25/1789-pourquoi-les-cuivres-sont-ils-stresses/	hqdefault : erreur 404
1790	RWLG7Z3ogPo	citant une vidéo	Les plus beaux récitatifs - III & IV - Phaëton de LULLY : Epaphus et Libye (II,4 et IV,2-3)	/css/2011/07/26/1790-les-plus-beaux-recitatifs-phaeton-de-lully-epaphus-libye-epaphos-libie-lybie-lydie-climene-clymene-protee-marc-minkowski-louvre-gerard-theruel-veronique-gens/	hqdefault : erreur 404
1814	ZNx7z9lYFhQ	citant une vidéo	Meyerbeer - Robert le Diable & Petrika Ionesco	/css/2011/08/24/1814-meyerbeer-robert-le-diable-petrika-ionesco/	hqdefault : erreur 404
1822	Q_uaI28LGJk	citant une vidéo	Technologie d'avant-garde : le BOOK	/css/2011/09/11/1822-technologie-d-avant-garde/	hqdefault : erreur 404
1851	TWUpM7ZP6TM	citant une vidéo	Résistance tardive	/css/2011/10/22/1851-resistance-tardive-l-avenue-bourguiba-noman-hosni-joe-dassin-parodie-aux-champs-elysees-elections-tunisie/	hqdefault : erreur 404
1860	tA1BEGIKdKc	citant une vidéo	Les plus beaux récitatifs - V - Donizetti, Lucie : la fin d'Edgar	/css/2011/11/06/1860-les-plus-beaux-recitatifs-v-donizetti-lucie-la-fin-d-edgar/	hqdefault : erreur 404
1863	9EUCma_XK1c	citant une vidéo	[amusette] Richard WAGNER / Charles NUITTER - Lohengrin - Aux bords lointains / In fernem Land	/css/2011/11/13/1863--amusette-richard-wagner-charles-nuitter-lohengrin-aux-bords-lointains-in-fernem-land/	hqdefault : erreur 404
1874	bSrAL2ldp7U	citant une vidéo	Colorature et impertinence	/css/2011/12/01/1874-colorature-et-impertinence/	hqdefault : erreur 404
1892	QacnG8jqdmA	citant une vidéo	Bougie-Woolez	/css/2012/01/11/1892-bougie-woolez/	hqdefault : erreur 404
1900	VuTZVXN8j9U	citant une vidéo	Mystère ou miracle ? - aperture et couverture	/css/2012/01/28/1900-mystere-ou-miracle-aperture-et-couverture/	hqdefault : erreur 404
1916	eE148PF42tU	citant une vidéo	[CE] Mendelssohn, Magnificat : servile et brillant	/css/2012/02/19/1916--ce-mendelssohn-magnificat-servile-et-brillant/	hqdefault : erreur 404
2444	g10DqPbbUuw	citant une vidéo	Décapitations	/css/2014/04/20/2444-les-coupures-la-resistance-a-trouve-son-heros-zu-hilfe-bertrand-de-billy-wiener-staatsoper-opera-de-vienne-mars-2014/	hqdefault : erreur 404
2680	X_bBWVz0QOc	citant une vidéo	La première quinzaine de juin	/css/2015/05/24/2680-la-premiere-quinzaine-de-juin/	hqdefault : erreur 404
2698	ruQwunzMLfU	citant une vidéo	[Carnet d'écoutes n°80] – Suk avant-gardiste, Fidelio en français, Parsifal sur boyaux, Goerne en Wotan…	/css/2015/07/28/2698--carnet-d-ecoutes-n80-suk-l-avant-gardiste-jurg-frey-le-cyclique-r-strauss-le-galant-fidelio-en-francais-goerne-en-wotan-godard-joue-joyeux-anniversaire-le-quatuor-stenhammar/	hqdefault : erreur 404
2841	tCV0miiH4rI	citant une vidéo	Quand les sibéliens jouent LULLY	/css/2016/08/19/2841-quand-les-sibeliens-jouent-lully/	hqdefault : erreur 404
978	EBwrHn7FcYA	citant une vidéo	Carnet d'écoutes - César FRANCK, Le Chasseur maudit	/css/2008/06/26/978-carnet-d-ecoutes-cesar-franck-le-chasseur-maudit/	hqdefault : erreur 404
980	HnB1cxgZifQ	citant une vidéo	[déchiffrage] Balade dans la musique pour piano française du premier XXe siècle	/css/2008/07/02/980-balade-dans-la-musique-pour-piano-francaise-du-premier-xxe-siecle/	hqdefault : erreur 404
